{
    "learning_rate": 0.015355286838886862,
    "max_depth": 10,
    "l2_leaf_reg": 0.24658329458549094,
    "border_count": 166,
    "scale_pos_weight": 15.958237752949746,
    "iterations": 734
}