{"emb_dim": 64, "lr": 0.009084911334270088, "batch_size": 512, "dropout": 0.2328719832378625, "hidden_dims": [128, 64], "weight_decay": 0.0006160662202785757}


