{
    "learning_rate": 0.005542561258655853,
    "max_depth": 10,
    "l2_leaf_reg": 0.0003570095960030948,
    "border_count": 180,
    "scale_pos_weight": 25.441660909383675,
    "iterations": 1280
}