{
    "learning_rate": 0.04884045393834872,
    "max_depth": 6,
    "l2_leaf_reg": 0.004080400555963876,
    "border_count": 106,
    "scale_pos_weight": 30.800205957901145,
    "iterations": 1324
}