{
    "emb_dim": 64,
    "lr": 0.0028708753481954683,
    "batch_size": 256,
    "dropout": 0.1463476238100519,
    "hidden_dims": [
        64,
        32
    ],
    "weight_decay": 1.5512259126484753e-06
}